"동별(1)",동별(2),동별(3),2021,2021,2021,2021,2021,2021,2021,2021,2021,2021,2021,2021
"동별(1)",동별(2),동별(3),합계,합계,합계,합계,합계,합계,합계,합계,합계,합계,합계,합계
"동별(1)",동별(2),동별(3),소계,소계,소계,국민기초생활보장 수급권자,국민기초생활보장 수급권자,국민기초생활보장 수급권자,저소득노인,저소득노인,저소득노인,일   반,일   반,일   반
"동별(1)",동별(2),동별(3),계,65~79세,80세 이상,계,65~79세,80세 이상,계,65~79세,80세 이상,계,65~79세,80세 이상
"서울특별시",소계,소계,392351,291042,101309,110183,76181,34002,14471,8250,6221,267697,206611,61086
"서울특별시",종로구,소계,8573,6219,2354,1839,1356,483,337,197,140,6397,4666,1731
"서울특별시",종로구,사직동,490,320,170,60,41,19,10,6,4,420,273,147
"서울특별시",종로구,삼청동,189,126,63,17,12,5,6,1,5,166,113,53
"서울특별시",종로구,부암동,418,293,125,61,40,21,20,13,7,337,240,97
"서울특별시",종로구,평창동,703,456,247,48,31,17,22,10,12,633,415,218
"서울특별시",종로구,무악동,291,208,83,59,35,24,11,5,6,221,168,53
"서울특별시",종로구,교남동,414,306,108,79,49,30,14,4,10,321,253,68
"서울특별시",종로구,가회동,243,175,68,22,12,10,3,1,2,218,162,56
"서울특별시",종로구,종로1.2.3.4가동,1215,953,262,372,298,74,35,22,13,808,633,175
"서울특별시",종로구,종로5.6가동,446,334,112,101,85,16,30,18,12,315,231,84
"서울특별시",종로구,이화동,430,296,134,101,66,35,26,14,12,303,216,87
"서울특별시",종로구,창신1동,602,479,123,208,172,36,9,5,4,385,302,83
"서울특별시",종로구,창신2동,587,467,120,147,114,33,16,9,7,424,344,80
"서울특별시",종로구,창신3동,285,203,82,60,46,14,16,9,7,209,148,61
"서울특별시",종로구,숭인1동,378,268,110,104,78,26,18,13,5,256,177,79
"서울특별시",종로구,숭인2동,660,535,125,223,180,43,58,45,13,379,310,69
"서울특별시",종로구,청운효자동,514,344,170,71,35,36,23,10,13,420,299,121
"서울특별시",종로구,혜화동,708,456,252,106,62,44,20,12,8,582,382,200
"서울특별시",중구,소계,7553,5538,2015,2168,1564,604,265,138,127,5120,3836,1284
"서울특별시",중구,소공동,79,67,12,19,17,2,0,0,0,60,50,10
"서울특별시",중구,회현동,578,455,123,203,178,25,8,2,6,367,275,92
"서울특별시",중구,명동,215,171,44,41,34,7,5,4,1,169,133,36
"서울특별시",중구,필동,355,253,102,41,30,11,12,6,6,302,217,85
"서울특별시",중구,장충동,267,188,79,54,42,12,4,2,2,209,144,65
"서울특별시",중구,광희동,443,349,94,94,79,15,11,5,6,338,265,73
"서울특별시",중구,을지로동,274,212,62,78,57,21,9,4,5,187,151,36
"서울특별시",중구,신당5동,586,454,132,172,122,50,28,16,12,386,316,70
"서울특별시",중구,황학동,649,517,132,203,155,48,21,14,7,425,348,77
"서울특별시",중구,중림동,596,451,145,203,150,53,16,13,3,377,288,89
"서울특별시",중구,신당동,561,431,130,163,127,36,23,9,14,375,295,80
"서울특별시",중구,다산동,713,519,194,166,118,48,24,7,17,523,394,129
"서울특별시",중구,약수동,1097,715,382,380,236,144,64,33,31,653,446,207
"서울특별시",중구,청구동,783,524,259,284,177,107,29,17,12,470,330,140
"서울특별시",중구,동화동,357,232,125,67,42,25,11,6,5,279,184,95
"서울특별시",용산구,소계,11170,7673,3497,2650,1826,824,345,199,146,8175,5648,2527
"서울특별시",용산구,후암동,967,667,300,272,184,88,53,33,20,642,450,192
"서울특별시",용산구,용산2가동,586,385,201,151,95,56,19,5,14,416,285,131
"서울특별시",용산구,남영동,981,786,195,488,409,79,5,3,2,488,374,114
"서울특별시",용산구,원효로2동,547,360,187,157,95,62,19,11,8,371,254,117
"서울특별시",용산구,효창동,327,239,88,35,24,11,10,8,2,282,207,75
"서울특별시",용산구,용문동,507,358,149,170,107,63,14,6,8,323,245,78
"서울특별시",용산구,이촌1동,864,499,365,22,12,10,4,2,2,838,485,353
"서울특별시",용산구,이촌2동,445,301,144,57,30,27,11,4,7,377,267,110
"서울특별시",용산구,이태원1동,398,264,134,74,54,20,10,6,4,314,204,110
"서울특별시",용산구,이태원2동,521,328,193,84,53,31,23,18,5,414,257,157
"서울특별시",용산구,서빙고동,531,323,208,91,57,34,16,3,13,424,263,161
"서울특별시",용산구,보광동,881,616,265,279,193,86,52,32,20,550,391,159
"서울특별시",용산구,청파동,1037,764,273,291,206,85,33,20,13,713,538,175
"서울특별시",용산구,원효로1동,546,394,152,105,47,58,22,13,9,419,334,85
"서울특별시",용산구,한강로동,907,596,311,174,125,49,14,8,6,719,463,256
"서울특별시",용산구,한남동,1125,793,332,200,135,65,40,27,13,885,631,254
"서울특별시",성동구,소계,11231,8319,2912,2985,2045,940,352,201,151,7894,6073,1821
"서울특별시",성동구,왕십리2동,622,465,157,152,101,51,14,11,3,456,353,103
"서울특별시",성동구,마장동,1020,743,277,237,147,90,25,15,10,758,581,177
"서울특별시",성동구,사근동,406,296,110,68,41,27,16,3,13,322,252,70
"서울특별시",성동구,행당1동,496,375,121,124,94,30,17,11,6,355,270,85
"서울특별시",성동구,행당2동,820,612,208,281,191,90,34,21,13,505,400,105
"서울특별시",성동구,응봉동,522,371,151,63,40,23,18,10,8,441,321,120
"서울특별시",성동구,금호1가동,676,471,205,272,160,112,19,12,7,385,299,86
"서울특별시",성동구,금호4가동,613,466,147,160,115,45,21,10,11,432,341,91
"서울특별시",성동구,성수1가1동,531,413,118,129,101,28,19,12,7,383,300,83
"서울특별시",성동구,성수1가2동,410,308,102,74,50,24,12,8,4,324,250,74
"서울특별시",성동구,성수2가1동,818,644,174,233,176,57,22,12,10,563,456,107
"서울특별시",성동구,성수2가3동,437,316,121,70,46,24,10,6,4,357,264,93
"서울특별시",성동구,송정동,535,417,118,183,141,42,24,14,10,328,262,66
"서울특별시",성동구,용답동,707,538,169,237,170,67,29,14,15,441,354,87
"서울특별시",성동구,왕십리도선동,928,656,272,327,218,109,25,16,9,576,422,154
"서울특별시",성동구,금호2.3가동,891,646,245,217,140,77,29,18,11,645,488,157
"서울특별시",성동구,옥수동,799,582,217,158,114,44,18,8,10,623,460,163
"서울특별시",광진구,소계,12159,9125,3034,3164,2287,877,366,189,177,8629,6649,1980
"서울특별시",광진구,화양동,671,506,165,153,111,42,8,5,3,510,390,120
"서울특별시",광진구,군자동,853,640,213,251,179,72,16,9,7,586,452,134
"서울특별시",광진구,중곡1동,666,534,132,211,153,58,20,10,10,435,371,64
"서울특별시",광진구,중곡2동,766,604,162,194,148,46,37,22,15,535,434,101
"서울특별시",광진구,중곡3동,852,661,191,266,198,68,31,12,19,555,451,104
"서울특별시",광진구,중곡4동,1236,965,271,363,261,102,50,27,23,823,677,146
"서울특별시",광진구,능동,366,271,95,81,54,27,11,6,5,274,211,63
"서울특별시",광진구,구의1동,802,623,179,214,163,51,19,10,9,569,450,119
"서울특별시",광진구,구의2동,1008,755,253,259,173,86,45,22,23,704,560,144
"서울특별시",광진구,구의3동,758,502,256,145,89,56,16,10,6,597,403,194
"서울특별시",광진구,광장동,562,358,204,69,39,30,17,6,11,476,313,163
"서울특별시",광진구,자양1동,977,738,239,308,228,80,29,16,13,640,494,146
"서울특별시",광진구,자양2동,803,614,189,220,167,53,21,14,7,562,433,129
"서울특별시",광진구,자양3동,764,511,253,97,73,24,20,6,14,647,432,215
"서울특별시",광진구,자양4동,1075,843,232,333,251,82,26,14,12,716,578,138
"서울특별시",동대문,소계,17040,12803,4237,5271,3797,1474,493,281,212,11276,8725,2551
"서울특별시",동대문,회기동,456,302,154,78,50,28,17,8,9,361,244,117
"서울특별시",동대문,휘경1동,500,374,126,104,78,26,16,8,8,380,288,92
"서울특별시",동대문,휘경2동,908,685,223,176,119,57,24,10,14,708,556,152
"서울특별시",동대문,청량리동,1849,1396,453,769,585,184,53,35,18,1027,776,251
"서울특별시",동대문,용신동,1973,1523,450,674,487,187,29,18,11,1270,1018,252
"서울특별시",동대문,제기동,1931,1441,490,641,495,146,60,39,21,1230,907,323
"서울특별시",동대문,전농1동,1852,1400,452,678,482,196,55,35,20,1119,883,236
"서울특별시",동대문,전농2동,803,596,207,251,165,86,25,15,10,527,416,111
"서울특별시",동대문,답십리2동,1306,968,338,439,300,139,38,23,15,829,645,184
"서울특별시",동대문,장안1동,1492,1163,329,375,262,113,46,25,21,1071,876,195
"서울특별시",동대문,장안2동,1209,933,276,304,217,87,43,18,25,862,698,164
"서울특별시",동대문,이문1동,831,586,245,213,165,48,24,13,11,594,408,186
"서울특별시",동대문,이문2동,986,744,242,319,216,103,34,21,13,633,507,126
"서울특별시",동대문,답십리1동,944,692,252,250,176,74,29,13,16,665,503,162
"서울특별시",중랑구,소계,19260,14851,4409,7074,4865,2209,1366,833,533,10820,9153,1667
"서울특별시",중랑구,면목2동,1455,1127,328,467,332,135,80,45,35,908,750,158
"서울특별시",중랑구,면목4동,1045,833,212,500,384,116,112,88,24,433,361,72
"서울특별시",중랑구,면목5동,527,412,115,163,113,50,29,17,12,335,282,53
"서울특별시",중랑구,면목7동,1063,831,232,316,205,111,59,30,29,688,596,92
"서울특별시",중랑구,상봉1동,958,697,261,395,267,128,69,39,30,494,391,103
"서울특별시",중랑구,상봉2동,955,757,198,284,208,76,52,29,23,619,520,99
"서울특별시",중랑구,중화1동,864,691,173,270,177,93,47,28,19,547,486,61
"서울특별시",중랑구,중화2동,1676,1305,371,697,508,189,122,77,45,857,720,137
"서울특별시",중랑구,묵1동,1113,867,246,313,192,121,68,38,30,732,637,95
"서울특별시",중랑구,묵2동,962,740,222,315,219,96,58,39,19,589,482,107
"서울특별시",중랑구,망우3동,1106,853,253,483,359,124,81,55,26,542,439,103
"서울특별시",중랑구,신내1동,1260,939,321,495,271,224,135,71,64,630,597,33
"서울특별시",중랑구,신내2동,1134,799,335,440,280,160,85,54,31,609,465,144
"서울특별시",중랑구,면목본동,1889,1486,403,692,479,213,136,85,51,1061,922,139
"서울특별시",중랑구,면목3.8동,1443,1115,328,546,379,167,109,67,42,788,669,119
"서울특별시",중랑구,망우본동,1810,1399,411,698,492,206,124,71,53,988,836,152
"서울특별시",성북구,소계,18225,13151,5074,4725,3151,1574,698,394,304,12802,9606,3196
"서울특별시",성북구,돈암1동,679,486,193,221,146,75,31,18,13,427,322,105
"서울특별시",성북구,돈암2동,574,383,191,138,77,61,15,10,5,421,296,125
"서울특별시",성북구,안암동,621,436,185,146,116,30,24,9,15,451,311,140
"서울특별시",성북구,보문동,705,510,195,143,94,49,34,16,18,528,400,128
"서울특별시",성북구,정능1동,637,462,175,146,99,47,23,14,9,468,349,119
"서울특별시",성북구,정능2동,998,742,256,196,132,64,42,26,16,760,584,176
"서울특별시",성북구,정능3동,974,683,291,259,153,106,51,26,25,664,504,160
"서울특별시",성북구,정능4동,1161,846,315,256,165,91,46,31,15,859,650,209
"서울특별시",성북구,길음1동,859,638,221,217,147,70,42,22,20,600,469,131
"서울특별시",성북구,길음2동,668,522,146,194,139,55,19,9,10,455,374,81
"서울특별시",성북구,월곡1동,1079,791,288,315,195,120,28,19,9,736,577,159
"서울특별시",성북구,월곡2동,890,640,250,255,179,76,37,23,14,598,438,160
"서울특별시",성북구,장위1동,1058,813,245,356,251,105,37,25,12,665,537,128
"서울특별시",성북구,장위2동,817,591,226,285,180,105,26,14,12,506,397,109
"서울특별시",성북구,장위3동,460,364,96,149,102,47,22,11,11,289,251,38
"서울특별시",성북구,성북동,793,535,258,105,63,42,21,8,13,667,464,203
"서울특별시",성북구,삼선동,1068,768,300,251,181,70,48,32,16,769,555,214
"서울특별시",성북구,동선동,678,484,194,147,99,48,30,17,13,501,368,133
"서울특별시",성북구,종암동,1685,1080,605,422,271,151,64,34,30,1199,775,424
"서울특별시",성북구,석관동,1821,1377,444,524,362,162,58,30,28,1239,985,254
"서울특별시",강북구,소계,25195,18812,6383,5984,4269,1715,1039,671,368,18172,13872,4300
"서울특별시",강북구,번1동,1469,1126,343,327,237,90,41,33,8,1101,856,245
"서울특별시",강북구,번2동,1798,1331,467,476,335,141,121,82,39,1201,914,287
"서울특별시",강북구,번3동,2299,1801,498,782,592,190,104,79,25,1413,1130,283
"서울특별시",강북구,수유1동,1802,1354,448,438,320,118,72,49,23,1292,985,307
"서울특별시",강북구,수유2동,1602,1101,501,357,229,128,65,35,30,1180,837,343
"서울특별시",강북구,수유3동,1883,1431,452,406,295,111,66,45,21,1411,1091,320
"서울특별시",강북구,삼양동,2073,1592,481,496,372,124,76,47,29,1501,1173,328
"서울특별시",강북구,미아동,1903,1463,440,410,315,95,90,61,29,1403,1087,316
"서울특별시",강북구,송중동,2058,1555,503,428,300,128,82,53,29,1548,1202,346
"서울특별시",강북구,송천동,2659,2023,636,603,451,152,88,54,34,1968,1518,450
"서울특별시",강북구,삼각산동,1507,1054,453,463,299,164,43,27,16,1001,728,273
"서울특별시",강북구,우이동,1674,1199,475,301,196,105,79,48,31,1294,955,339
"서울특별시",강북구,인수동,2468,1782,686,497,328,169,112,58,54,1859,1396,463
"서울특별시",도봉구,소계,14961,10891,4070,3927,2577,1350,743,391,352,10291,7923,2368
"서울특별시",도봉구,쌍문1동,1003,731,272,324,202,122,56,32,24,623,497,126
"서울특별시",도봉구,쌍문2동,1043,720,323,278,181,97,76,37,39,689,502,187
"서울특별시",도봉구,쌍문3동,873,686,187,265,181,84,42,30,12,566,475,91
"서울특별시",도봉구,쌍문4동,541,358,183,73,30,43,27,12,15,441,316,125
"서울특별시",도봉구,방학1동,1420,1091,329,483,360,123,72,39,33,865,692,173
"서울특별시",도봉구,방학2동,1327,1004,323,544,359,185,77,39,38,706,606,100
"서울특별시",도봉구,방학3동,894,617,277,86,38,48,40,25,15,768,554,214
"서울특별시",도봉구,창1동,1077,754,323,185,109,76,25,11,14,867,634,233
"서울특별시",도봉구,창2동,1135,837,298,274,177,97,53,33,20,808,627,181
"서울특별시",도봉구,창3동,815,591,224,293,194,99,45,20,25,477,377,100
"서울특별시",도봉구,창4동,841,565,276,98,54,44,33,15,18,710,496,214
"서울특별시",도봉구,창5동,851,600,251,147,94,53,32,17,15,672,489,183
"서울특별시",도봉구,도봉1동,1679,1269,410,481,345,136,83,36,47,1115,888,227
"서울특별시",도봉구,도봉2동,1462,1068,394,396,253,143,82,45,37,984,770,214
"서울특별시",노원구,소계,23770,17416,6354,8770,5917,2853,830,460,370,14170,11039,3131
"서울특별시",노원구,월계1동,969,748,221,268,190,78,29,16,13,672,542,130
"서울특별시",노원구,월계2동,1839,1406,433,1019,703,316,55,34,21,765,669,96
"서울특별시",노원구,월계3동,1663,1219,444,639,448,191,56,30,26,968,741,227
"서울특별시",노원구,공릉2동,1130,849,281,245,166,79,35,14,21,850,669,181
"서울특별시",노원구,하계1동,1590,1164,426,947,664,283,46,33,13,597,467,130
"서울특별시",노원구,하계2동,799,559,240,291,194,97,35,21,14,473,344,129
"서울특별시",노원구,중계본동,588,433,155,130,84,46,32,17,15,426,332,94
"서울특별시",노원구,중계1동,542,381,161,171,103,68,21,8,13,350,270,80
"서울특별시",노원구,중계4동,1284,938,346,650,448,202,43,21,22,591,469,122
"서울특별시",노원구,상계1동,1522,1126,396,460,285,175,59,40,19,1003,801,202
"서울특별시",노원구,상계2동,854,641,213,258,178,80,35,16,19,561,447,114
"서울특별시",노원구,상계5동,1455,1070,385,447,297,150,61,37,24,947,736,211
"서울특별시",노원구,상계8동,639,453,186,45,22,23,10,4,6,584,427,157
"서울특별시",노원구,상계9동,777,522,255,97,54,43,25,11,14,655,457,198
"서울특별시",노원구,상계10동,554,383,171,69,29,40,13,7,6,472,347,125
"서울특별시",노원구,상계3.4동,1972,1465,507,871,583,288,99,54,45,1002,828,174
"서울특별시",노원구,상계6.7동,1253,845,408,142,79,63,29,10,19,1082,756,326
"서울특별시",노원구,중계2.3동,2530,1792,738,1288,858,430,100,66,34,1142,868,274
"서울특별시",노원구,공릉1동,1810,1422,388,733,532,201,47,21,26,1030,869,161
"서울특별시",은평구,소계,20800,13782,7018,6273,4267,2006,695,405,290,13832,9110,4722
"서울특별시",은평구,녹번동,1965,1605,360,524,372,152,57,30,27,1384,1203,181
"서울특별시",은평구,불광1동,1995,1636,359,601,428,173,61,38,23,1333,1170,163
"서울특별시",은평구,갈현1동,1209,789,420,423,293,130,49,31,18,737,465,272
"서울특별시",은평구,갈현2동,1128,730,398,301,203,98,45,26,19,782,501,281
"서울특별시",은평구,구산동,1235,784,451,385,270,115,50,26,24,800,488,312
"서울특별시",은평구,대조동,1459,913,546,435,297,138,40,20,20,984,596,388
"서울특별시",은평구,응암1동,1163,725,438,278,187,91,29,15,14,856,523,333
"서울특별시",은평구,응암2동,846,518,328,333,208,125,25,14,11,488,296,192
"서울특별시",은평구,신사1동,1006,632,374,252,167,85,33,19,14,721,446,275
"서울특별시",은평구,신사2동,907,553,354,251,159,92,27,13,14,629,381,248
"서울특별시",은평구,증산동,699,453,246,152,106,46,22,14,8,525,333,192
"서울특별시",은평구,수색동,495,305,190,209,144,65,9,3,6,277,158,119
"서울특별시",은평구,진관동,1188,735,453,382,246,136,45,24,21,761,465,296
"서울특별시",은평구,불광2동,1817,1163,654,641,453,188,57,34,23,1119,676,443
"서울특별시",은평구,응암3동,1706,1004,702,527,351,176,57,36,21,1122,617,505
"서울특별시",은평구,역촌동,1982,1237,745,579,383,196,89,62,27,1314,792,522
"서울특별시",서대문구,소계,13620,9651,3969,3478,2259,1219,801,466,335,9341,6926,2415
"서울특별시",서대문구,천연동,1001,679,322,341,199,142,23,11,12,637,469,168
"서울특별시",서대문구,홍제1동,1104,784,320,246,171,75,62,32,30,796,581,215
"서울특별시",서대문구,홍제3동,1061,715,346,255,153,102,90,50,40,716,512,204
"서울특별시",서대문구,홍제2동,701,507,194,214,142,72,51,28,23,436,337,99
"서울특별시",서대문구,홍은1동,1120,772,348,294,180,114,76,43,33,750,549,201
"서울특별시",서대문구,홍은2동,1226,864,362,276,191,85,96,63,33,854,610,244
"서울특별시",서대문구,남가좌1동,430,331,99,101,64,37,22,14,8,307,253,54
"서울특별시",서대문구,남가좌2동,1239,903,336,407,274,133,65,41,24,767,588,179
"서울특별시",서대문구,북가좌1동,569,409,160,144,91,53,37,25,12,388,293,95
"서울특별시",서대문구,북가좌2동,1581,1180,401,418,278,140,123,76,47,1040,826,214
"서울특별시",서대문구,충현동,938,667,271,247,168,79,40,23,17,651,476,175
"서울특별시",서대문구,북아현동,633,456,177,190,135,55,25,14,11,418,307,111
"서울특별시",서대문구,신촌동,609,418,191,93,58,35,42,18,24,474,342,132
"서울특별시",서대문구,연희동,1408,966,442,252,155,97,49,28,21,1107,783,324
"서울특별시",마포구,소계,13329,9102,4227,3059,2009,1050,554,300,254,9716,6793,2923
"서울특별시",마포구,용강동,661,457,204,165,108,57,23,10,13,473,339,134
"서울특별시",마포구,대흥동,627,469,158,180,145,35,31,18,13,416,306,110
"서울특별시",마포구,염리동,544,161,383,141,44,97,22,5,17,381,112,269
"서울특별시",마포구,신수동,716,527,189,111,75,36,12,8,4,593,444,149
"서울특별시",마포구,서교동,791,561,230,93,76,17,33,21,12,665,464,201
"서울특별시",마포구,합정동,646,476,170,122,88,34,20,11,9,504,377,127
"서울특별시",마포구,망원1동,832,671,161,208,174,34,48,22,26,576,475,101
"서울특별시",마포구,망원2동,671,484,187,153,93,60,29,15,14,489,376,113
"서울특별시",마포구,연남동,520,156,364,83,21,62,24,10,14,413,125,288
"서울특별시",마포구,성산1동,806,583,223,132,86,46,27,17,10,647,480,167
"서울특별시",마포구,성산2동,1669,1231,438,578,417,161,81,52,29,1010,762,248
"서울특별시",마포구,상암동,834,566,268,172,100,72,61,28,33,601,438,163
"서울특별시",마포구,도화동,818,557,261,203,129,74,16,9,7,599,419,180
"서울특별시",마포구,서강동,772,538,234,106,77,29,22,15,7,644,446,198
"서울특별시",마포구,공덕동,1805,1222,583,467,290,177,84,43,41,1254,889,365
"서울특별시",마포구,아현동,617,443,174,145,86,59,21,16,5,451,341,110
"서울특별시",양천구,소계,15131,11571,3560,4680,3205,1475,558,291,267,9893,8075,1818
"서울특별시",양천구,목1동,504,378,126,131,86,45,10,5,5,363,287,76
"서울특별시",양천구,목2동,878,681,197,266,186,80,37,14,23,575,481,94
"서울특별시",양천구,목3동,744,561,183,217,152,65,28,14,14,499,395,104
"서울특별시",양천구,목4동,762,573,189,219,149,70,23,12,11,520,412,108
"서울특별시",양천구,신월1동,1234,983,251,504,354,150,43,26,17,687,603,84
"서울특별시",양천구,신월2동,810,646,164,211,136,75,38,20,18,561,490,71
"서울특별시",양천구,신월3동,1064,837,227,436,320,116,43,27,16,585,490,95
"서울특별시",양천구,신월4동,596,462,134,116,75,41,31,11,20,449,376,73
"서울특별시",양천구,신월5동,597,482,115,198,146,52,24,15,9,375,321,54
"서울특별시",양천구,신월6동,364,301,63,68,45,23,9,6,3,287,250,37
"서울특별시",양천구,신월7동,1164,846,318,300,197,103,87,41,46,777,608,169
"서울특별시",양천구,신정1동,466,328,138,74,52,22,16,7,9,376,269,107
"서울특별시",양천구,신정2동,597,440,157,260,169,91,22,15,7,315,256,59
"서울특별시",양천구,신정3동,1575,1222,353,502,342,160,62,33,29,1011,847,164
"서울특별시",양천구,신정6동,349,238,111,13,10,3,4,0,4,332,228,104
"서울특별시",양천구,신정7동,1376,1027,349,688,453,235,42,25,17,646,549,97
"서울특별시",양천구,목5동,558,365,193,11,7,4,4,0,4,543,358,185
"서울특별시",양천구,신정4동,1493,1201,292,466,326,140,35,20,15,992,855,137
"서울특별시",강서구,소계,22863,17209,5654,8818,6046,2772,698,402,296,13347,10761,2586
"서울특별시",강서구,염창동,629,487,142,73,42,31,15,8,7,541,437,104
"서울특별시",강서구,등촌1동,758,419,339,86,56,30,12,5,7,660,358,302
"서울특별시",강서구,등촌2동,530,398,132,106,66,40,17,9,8,407,323,84
"서울특별시",강서구,등촌3동,2696,1863,833,1777,1247,530,61,31,30,858,585,273
"서울특별시",강서구,화곡본동,1212,960,252,404,260,144,59,28,31,749,672,77
"서울특별시",강서구,화곡2동,674,531,143,216,153,63,29,17,12,429,361,68
"서울특별시",강서구,화곡3동,781,583,198,183,116,67,13,9,4,585,458,127
"서울특별시",강서구,화곡4동,903,728,175,303,208,95,30,16,14,570,504,66
"서울특별시",강서구,화곡6동,917,711,206,270,162,108,32,20,12,615,529,86
"서울특별시",강서구,화곡8동,1011,832,179,272,192,80,40,29,11,699,611,88
"서울특별시",강서구,가양1동,539,413,126,67,34,33,19,9,10,453,370,83
"서울특별시",강서구,가양2동,1690,1253,437,1205,838,367,44,29,15,441,386,55
"서울특별시",강서구,가양3동,1328,986,342,817,561,256,43,28,15,468,397,71
"서울특별시",강서구,발산1동,893,699,194,281,188,93,42,27,15,570,484,86
"서울특별시",강서구,공항동,1021,816,205,333,235,98,55,35,20,633,546,87
"서울특별시",강서구,방화1동,1228,936,292,307,201,106,50,26,24,871,709,162
"서울특별시",강서구,방화2동,1449,1078,371,609,417,192,40,27,13,800,634,166
"서울특별시",강서구,방화3동,1722,1262,460,818,572,246,27,15,12,877,675,202
"서울특별시",강서구,화곡1동,1978,1559,419,522,384,138,58,30,28,1398,1145,253
"서울특별시",강서구,우장산동,904,695,209,169,114,55,12,4,8,723,577,146
"서울특별시",구로구,소계,15983,12041,3942,3770,2535,1235,576,325,251,11637,9181,2456
"서울특별시",구로구,신도림동,621,460,161,53,32,21,19,7,12,549,421,128
"서울특별시",구로구,구로1동,380,280,100,25,16,9,12,2,10,343,262,81
"서울특별시",구로구,구로3동,760,563,197,139,90,49,33,18,15,588,455,133
"서울특별시",구로구,구로4동,1338,985,353,364,247,117,43,28,15,931,710,221
"서울특별시",구로구,구로5동,1034,774,260,186,122,64,34,23,11,814,629,185
"서울특별시",구로구,고척1동,931,688,243,178,125,53,21,14,7,732,549,183
"서울특별시",구로구,고척2동,1274,942,332,338,222,116,51,31,20,885,689,196
"서울특별시",구로구,개봉2동,1110,858,252,255,168,87,38,20,18,817,670,147
"서울특별시",구로구,개봉3동,929,703,226,184,122,62,32,14,18,713,567,146
"서울특별시",구로구,오류1동,1019,747,272,349,229,120,38,20,18,632,498,134
"서울특별시",구로구,수궁동,984,765,219,208,138,70,61,38,23,715,589,126
"서울특별시",구로구,가리봉동,838,646,192,251,188,63,13,9,4,574,449,125
"서울특별시",구로구,구로2동,1634,1209,425,416,280,136,53,31,22,1165,898,267
"서울특별시",구로구,개봉1동,1507,1167,340,417,280,137,51,35,16,1039,852,187
"서울특별시",구로구,오류2동,1396,1064,332,338,226,112,69,32,37,989,806,183
"서울특별시",구로구,항동,228,190,38,69,50,19,8,3,5,151,137,14
"서울특별시",금천구,소계,10731,8102,2629,3535,2470,1065,504,268,236,6692,5364,1328
"서울특별시",금천구,가산동,731,580,151,245,191,54,47,33,14,439,356,83
"서울특별시",금천구,독산1동,1413,1081,332,474,331,143,38,25,13,901,725,176
"서울특별시",금천구,독산2동,1075,832,243,328,231,97,70,44,26,677,557,120
"서울특별시",금천구,독산3동,1258,924,334,336,239,97,60,27,33,862,658,204
"서울특별시",금천구,독산4동,752,592,160,222,125,97,30,22,8,500,445,55
"서울특별시",금천구,시흥1동,1720,1319,401,494,343,151,66,44,22,1160,932,228
"서울특별시",금천구,시흥2동,887,635,252,397,249,148,55,33,22,435,353,82
"서울특별시",금천구,시흥3동,556,400,156,102,62,40,31,14,17,423,324,99
"서울특별시",금천구,시흥4동,1002,783,219,415,356,59,39,9,30,548,418,130
"서울특별시",금천구,시흥5동,1337,956,381,522,343,179,68,17,51,747,596,151
"서울특별시",영등포구,소계,15208,11129,4079,3455,2548,907,427,217,210,11326,8364,2962
"서울특별시",영등포구,여의동,964,591,373,38,19,19,7,2,5,919,570,349
"서울특별시",영등포구,당산1동,872,639,233,158,121,37,30,19,11,684,499,185
"서울특별시",영등포구,당산2동,763,526,237,70,44,26,21,12,9,672,470,202
"서울특별시",영등포구,양평1동,598,423,175,90,55,35,18,7,11,490,361,129
"서울특별시",영등포구,양평2동,475,339,136,88,62,26,12,7,5,375,270,105
"서울특별시",영등포구,신길1동,1113,806,307,279,207,72,61,27,34,773,572,201
"서울특별시",영등포구,신길3동,869,648,221,235,165,70,29,12,17,605,471,134
"서울특별시",영등포구,신길4동,713,539,174,215,160,55,27,14,13,471,365,106
"서울특별시",영등포구,신길5동,540,411,129,178,125,53,21,9,12,341,277,64
"서울특별시",영등포구,신길6동,797,598,199,151,99,52,20,11,9,626,488,138
"서울특별시",영등포구,신길7동,410,296,114,73,45,28,13,6,7,324,245,79
"서울특별시",영등포구,대림1동,848,633,215,175,128,47,24,9,15,649,496,153
"서울특별시",영등포구,대림2동,832,609,223,204,128,76,19,14,5,609,467,142
"서울특별시",영등포구,대림3동,1092,808,284,262,176,86,31,14,17,799,618,181
"서울특별시",영등포구,영등포본동,1224,941,283,325,272,53,17,13,4,882,656,226
"서울특별시",영등포구,영등포동,1372,1123,249,571,493,78,21,11,10,780,619,161
"서울특별시",영등포구,도림동,934,654,280,226,167,59,38,20,18,670,467,203
"서울특별시",영등포구,문래동,792,545,247,117,82,35,18,10,8,657,453,204
"서울특별시",동작구,소계,14691,10982,3709,3741,2520,1221,421,199,222,10529,8263,2266
"서울특별시",동작구,노량진2동,785,587,198,258,184,74,28,14,14,499,389,110
"서울특별시",동작구,상도1동,1369,996,373,406,235,171,55,26,29,908,735,173
"서울특별시",동작구,상도2동,798,578,220,149,103,46,21,9,12,628,466,162
"서울특별시",동작구,상도3동,1004,748,256,276,179,97,41,23,18,687,546,141
"서울특별시",동작구,상도4동,1366,1049,317,370,251,119,51,24,27,945,774,171
"서울특별시",동작구,사당1동,903,731,172,230,168,62,26,13,13,647,550,97
"서울특별시",동작구,사당3동,742,576,166,136,95,41,14,6,8,592,475,117
"서울특별시",동작구,사당4동,633,480,153,171,109,62,14,5,9,448,366,82
"서울특별시",동작구,사당5동,507,388,119,104,69,35,20,6,14,383,313,70
"서울특별시",동작구,대방동,1400,1025,375,421,297,124,38,20,18,941,708,233
"서울특별시",동작구,신대방1동,872,674,198,200,143,57,16,5,11,656,526,130
"서울특별시",동작구,신대방2동,1285,900,385,275,180,95,28,14,14,982,706,276
"서울특별시",동작구,흑석동,658,490,168,166,118,48,14,6,8,478,366,112
"서울특별시",동작구,노량진1동,1296,937,359,387,248,139,30,15,15,879,674,205
"서울특별시",동작구,사당2동,1073,823,250,192,141,51,25,13,12,856,669,187
"서울특별시",관악구,소계,20308,15688,4620,6325,4302,2023,573,327,246,13410,11059,2351
"서울특별시",관악구,보라매동,1114,840,274,302,219,83,32,17,15,780,604,176
"서울특별시",관악구,청림동,654,468,186,218,139,79,10,4,6,426,325,101
"서울특별시",관악구,행운동,1101,859,242,354,223,131,30,22,8,717,614,103
"서울특별시",관악구,낙성대동,528,419,109,119,91,28,11,4,7,398,324,74
"서울특별시",관악구,중앙동,676,524,152,216,145,71,14,9,5,446,370,76
"서울특별시",관악구,인헌동,908,711,197,192,120,72,28,16,12,688,575,113
"서울특별시",관악구,남현동,573,481,92,125,87,38,19,13,6,429,381,48
"서울특별시",관악구,서원동,795,630,165,190,136,54,22,7,15,583,487,96
"서울특별시",관악구,신원동,971,750,221,324,236,88,35,21,14,612,493,119
"서울특별시",관악구,서림동,824,629,195,204,149,55,15,9,6,605,471,134
"서울특별시",관악구,신사동,984,774,210,323,216,107,21,11,10,640,547,93
"서울특별시",관악구,신림동,625,521,104,195,161,34,6,3,3,424,357,67
"서울특별시",관악구,난향동,609,449,160,190,115,75,25,13,12,394,321,73
"서울특별시",관악구,조원동,750,579,171,225,156,69,14,8,6,511,415,96
"서울특별시",관악구,대학동,826,652,174,187,157,30,27,19,8,612,476,136
"서울특별시",관악구,은천동,1454,1138,316,496,334,162,49,24,25,909,780,129
"서울특별시",관악구,성현동,1315,978,337,547,351,196,41,25,16,727,602,125
"서울특별시",관악구,청룡동,1248,985,263,406,301,105,20,13,7,822,671,151
"서울특별시",관악구,난곡동,1518,1149,369,540,356,184,45,24,21,933,769,164
"서울특별시",관악구,삼성동,1518,1129,389,640,401,239,59,32,27,819,696,123
"서울특별시",관악구,미성동,1317,1023,294,332,209,123,50,33,17,935,781,154
"서울특별시",서초구,소계,10318,7784,2534,1899,1332,567,447,267,180,7972,6185,1787
"서울특별시",서초구,서초1동,610,446,164,118,81,37,25,13,12,467,352,115
"서울특별시",서초구,서초2동,429,330,99,38,31,7,10,4,6,381,295,86
"서울특별시",서초구,서초3동,812,599,213,105,72,33,22,11,11,685,516,169
"서울특별시",서초구,서초4동,493,353,140,25,18,7,6,5,1,462,330,132
"서울특별시",서초구,잠원동,611,454,157,81,59,22,16,9,7,514,386,128
"서울특별시",서초구,반포본동,3,3,0,0,0,0,0,0,0,3,3,0
"서울특별시",서초구,반포1동,694,557,137,124,99,25,18,12,6,552,446,106
"서울특별시",서초구,반포2동,211,153,58,5,3,2,2,0,2,204,150,54
"서울특별시",서초구,반포3동,439,295,144,8,7,1,8,4,4,423,284,139
"서울특별시",서초구,반포4동,400,292,108,22,14,8,7,3,4,371,275,96
"서울특별시",서초구,방배본동,516,362,154,70,53,17,28,19,9,418,290,128
"서울특별시",서초구,방배1동,503,374,129,97,62,35,19,13,6,387,299,88
"서울특별시",서초구,방배2동,729,571,158,187,125,62,34,20,14,508,426,82
"서울특별시",서초구,방배3동,435,325,110,44,28,16,18,14,4,373,283,90
"서울특별시",서초구,방배4동,655,467,188,99,67,32,27,10,17,529,390,139
"서울특별시",서초구,양재1동,1433,1129,304,549,382,167,117,63,54,767,684,83
"서울특별시",서초구,양재2동,742,610,132,189,148,41,52,39,13,501,423,78
"서울특별시",서초구,내곡동,603,464,139,138,83,55,38,28,10,427,353,74
"서울특별시",강남구,소계,15432,11869,3563,3970,2987,983,324,190,134,11138,8692,2446
"서울특별시",강남구,신사동,518,372,146,66,49,17,6,4,2,446,319,127
"서울특별시",강남구,논현1동,700,550,150,165,138,27,4,3,1,531,409,122
"서울특별시",강남구,논현2동,614,473,141,97,79,18,5,2,3,512,392,120
"서울특별시",강남구,삼성1동,325,254,71,29,16,13,2,0,2,294,238,56
"서울특별시",강남구,삼성2동,688,534,154,102,74,28,11,10,1,575,450,125
"서울특별시",강남구,대치1동,229,168,61,3,2,1,1,0,1,225,166,59
"서울특별시",강남구,대치4동,452,372,80,117,94,23,8,6,2,327,272,55
"서울특별시",강남구,역삼1동,930,744,186,221,188,33,21,9,12,688,547,141
"서울특별시",강남구,역삼2동,684,541,143,85,73,12,10,6,4,589,462,127
"서울특별시",강남구,도곡1동,457,336,121,36,27,9,10,5,5,411,304,107
"서울특별시",강남구,도곡2동,674,495,179,18,14,4,5,1,4,651,480,171
"서울특별시",강남구,개포1동,357,279,78,70,46,24,17,12,5,270,221,49
"서울특별시",강남구,개포4동,615,496,119,156,122,34,15,8,7,444,366,78
"서울특별시",강남구,일원본동,463,331,132,21,9,12,3,2,1,439,320,119
"서울특별시",강남구,일원1동,977,757,220,485,331,154,37,23,14,455,403,52
"서울특별시",강남구,일원2동,1033,838,195,479,372,107,37,19,18,517,447,70
"서울특별시",강남구,수서동,1904,1566,338,1221,934,287,55,38,17,628,594,34
"서울특별시",강남구,세곡동,1264,861,403,406,272,134,50,28,22,808,561,247
"서울특별시",강남구,압구정동,820,546,274,34,30,4,6,3,3,780,513,267
"서울특별시",강남구,청담동,618,486,132,52,40,12,10,5,5,556,441,115
"서울특별시",강남구,대치2동,600,474,126,49,38,11,5,2,3,546,434,112
"서울특별시",강남구,개포2동,510,396,114,58,39,19,6,4,2,446,353,93
"서울특별시",송파구,소계,18741,14618,4123,4186,2950,1236,383,218,165,14172,11450,2722
"서울특별시",송파구,풍납1동,702,560,142,189,131,58,16,11,5,497,418,79
"서울특별시",송파구,풍납2동,757,577,180,162,112,50,10,6,4,585,459,126
"서울특별시",송파구,거여1동,590,463,127,189,132,57,16,8,8,385,323,62
"서울특별시",송파구,거여2동,1014,796,218,284,199,85,36,25,11,694,572,122
"서울특별시",송파구,마천1동,1197,937,260,454,307,147,31,14,17,712,616,96
"서울특별시",송파구,마천2동,1099,886,213,381,271,110,28,16,12,690,599,91
"서울특별시",송파구,방이1동,352,253,99,69,44,25,7,2,5,276,207,69
"서울특별시",송파구,방이2동,843,689,154,207,154,53,14,9,5,622,526,96
"서울특별시",송파구,오륜동,300,204,96,6,1,5,1,-,1,293,203,90
"서울특별시",송파구,오금동,1258,940,318,285,180,105,32,22,10,941,738,203
"서울특별시",송파구,송파1동,681,537,144,149,110,39,11,7,4,521,420,101
"서울특별시",송파구,송파2동,419,310,109,91,67,24,3,2,1,325,241,84
"서울특별시",송파구,석촌동,1123,923,200,242,183,59,19,7,12,862,733,129
"서울특별시",송파구,삼전동,1016,803,213,263,196,67,27,22,5,726,585,141
"서울특별시",송파구,가락본동,796,619,177,191,138,53,13,6,7,592,475,117
"서울특별시",송파구,가락1동,464,392,72,33,19,14,5,4,1,426,369,57
"서울특별시",송파구,가락2동,686,522,164,118,79,39,13,6,7,555,437,118
"서울특별시",송파구,문정1동,484,389,95,92,67,25,9,6,3,383,316,67
"서울특별시",송파구,문정2동,476,339,137,33,24,9,4,2,2,439,313,126
"서울특별시",송파구,잠실본동,943,781,162,248,208,40,22,11,11,673,562,111
"서울특별시",송파구,잠실4동,389,304,85,9,5,4,11,6,5,369,293,76
"서울특별시",송파구,잠실6동,343,236,107,5,4,1,2,-,2,336,232,104
"서울특별시",송파구,잠실7동,247,152,95,4,2,2,1,-,1,242,150,92
"서울특별시",송파구,잠실2동,526,418,108,11,6,5,3,-,3,512,412,100
"서울특별시",송파구,잠실3동,737,561,176,22,11,11,6,3,3,709,547,162
"서울특별시",송파구,장지동,894,693,201,286,187,99,24,14,10,584,492,92
"서울특별시",송파구,위례동,405,334,71,163,113,50,19,9,10,223,212,11
"서울특별시",강동구,소계,16059,12716,3343,4437,3097,1340,676,421,255,10946,9198,1748
"서울특별시",강동구,명일1동,701,525,176,115,75,40,25,12,13,561,438,123
"서울특별시",강동구,명일2동,331,241,90,47,21,26,5,4,1,279,216,63
"서울특별시",강동구,고덕1동,419,330,89,105,57,48,22,16,6,292,257,35
"서울특별시",강동구,고덕2동,603,467,136,210,133,77,20,10,10,373,324,49
"서울특별시",강동구,암사2동,436,349,87,50,35,15,7,6,1,379,308,71
"서울특별시",강동구,암사3동,329,256,73,49,23,26,9,3,6,271,230,41
"서울특별시",강동구,천호1동,1396,1096,300,474,336,138,62,42,20,860,718,142
"서울특별시",강동구,천호3동,1348,1077,271,461,335,126,63,48,15,824,694,130
"서울특별시",강동구,성내1동,543,431,112,80,54,26,9,8,1,454,369,85
"서울특별시",강동구,성내2동,1206,941,265,300,207,93,54,36,18,852,698,154
"서울특별시",강동구,성내3동,842,659,183,167,122,45,33,17,16,642,520,122
"서울특별시",강동구,둔촌1동,3,2,1,1,0,1,0,-,-,2,2,0
"서울특별시",강동구,둔촌2동,815,627,188,175,110,65,39,23,16,601,494,107
"서울특별시",강동구,암사1동,1593,1256,337,475,332,143,82,39,43,1036,885,151
"서울특별시",강동구,천호2동,1683,1362,321,593,461,132,73,47,26,1017,854,163
"서울특별시",강동구,길동,1719,1370,349,410,296,114,49,32,17,1260,1042,218
"서울특별시",강동구,강일동,1091,902,189,486,352,134,67,44,23,538,506,32
"서울특별시",강동구,상일1동,609,507,102,100,56,44,25,12,13,484,439,45
"서울특별시",강동구,상일2동,392,318,74,139,92,47,32,22,10,221,204,17
